zip_code,count,median
60089,2,102256
60402,4,52331
37040,3,24986
94122,6,109102
90755,1,36506
91356,2,44404
10467,2,25840
91303,2,88567
75039,1,0
90262,2,41431
11224,1,44938
94118,1,63551
91741,1,300000
93277,1,87021
10003,1,300000
92835,1,300000
11205,1,300000
90638,5,96936
77503,2,51664
22030,3,300000
60202,2,80386
90242,1,76695
95051,1,108998
10462,2,50224
94080,1,96033
37066,2,57335
32570,1,55854
32011,1,25171
22312,2,300000
77379,5,48975
11101,2,40506
75063,1,73694
60616,1,44154
32221,1,80713
60634,1,54001
37212,1,0
91306,3,300000
37924,1,50774
93536,2,57343
77017,1,47364
60613,4,117215
37208,2,27995
32233,1,32107
60657,4,58437
32065,2,88279
77089,1,300000
90018,1,37415
22032,1,128472
90740,1,65316
90723,2,45286
22303,4,86214
90230,3,300000
52601,3,300000
90212,2,89224
91104,2,300000
91506,1,300000
75035,2,300000
75203,1,28055
94109,3,105824
77301,5,56057
10128,1,129437
91606,3,41169
91208,1,300000
22305,2,52927
77449,2,300000
90712,3,99591
90280,1,42954
32311,1,38546
90802,2,28386
11201,2,105949
60060,2,77622
60070,1,300000
11420,1,45629
94121,2,131522
75061,1,52672
93722,1,53793
75238,1,34726
75028,1,75687
22314,1,99420
22205,1,172306
92833,1,300000
90606,1,58849
60191,1,64058
90660,2,73063
11236,1,73363
22304,3,201141
60035,2,141411
90302,1,32606
60051,1,300000
11105,2,65991
75042,3,24891
11211,1,87129
10451,1,13246
94112,1,83574
93535,1,38578
75010,1,82207
91754,1,60854
60018,2,55845
60659,2,72810
60002,1,70658
20190,1,142406
90025,2,97041
22204,2,300000
20111,1,86659
22201,3,300000
10314,1,108326
60056,5,131178
22044,1,197065
92111,1,36188
91325,3,61041
75032,1,0
75243,1,0
32244,1,37446
90717,2,140323
92102,1,30825
22310,3,300000
46815,1,63695
91352,1,76038
22031,3,159997
32205,2,300000
60085,2,46446
22153,1,170583
90266,3,206024
60605,1,15307
91605,1,26032
93702,1,24284
75235,1,55033
90803,2,104705
60073,1,43465
22101,3,300000
90605,4,300000
90731,1,55848
11375,2,103910
91107,2,24459
90807,2,77305
91604,3,300000
90805,2,52217
11229,1,67319
93534,2,56932
90221,1,43934
75252,1,300000
90278,2,300000
32114,2,33511
20121,2,106122
32003,2,300000
77071,1,33782
32254,1,25471
77380,3,300000
91790,1,300000
91602,2,76209
20136,1,134710
32127,1,42981
91106,2,35231
90301,2,32736
90220,3,43250
91702,1,76099
10031,2,0
37075,3,101195
77099,1,30582
75206,6,81177
75220,2,39393
32225,1,100253
60645,1,58498
60188,1,300000
90250,2,40862
76014,1,300000
60201,1,69616
91740,1,300000
60126,2,56797
60660,2,64803
11208,1,52769
75070,3,101768
37620,2,38962
90241,1,53192
60160,1,40406
77084,2,300000
22042,2,300000
22046,3,116916
75150,2,66697
77389,2,300000
90303,2,80697
77339,3,96054
22102,2,222333
75062,2,300000
10301,1,0
94601,3,40160
10469,2,69658
77479,1,67678
75093,4,93560
91502,4,35793
37042,2,52917
37027,1,121721
75229,1,128666
91326,1,300000
90806,3,37827
94127,1,300000
22213,1,140585
90245,1,86968
11385,3,64342
10033,1,56347
20164,4,300000
90601,2,78658
90046,1,46897
20171,2,73413
90049,1,300000
90403,1,156861
22207,3,300000
75041,1,37138
90720,2,43461
32073,2,43800
90716,1,96094
32174,1,38699
75044,1,56935
60015,2,300000
92110,1,122111
32246,1,76513
94114,1,300000
60302,1,98137
32256,1,51507
22309,1,65387
32303,1,39098
92804,1,300000
90201,2,56738
91403,2,63169
60618,1,109819
75231,2,26723
32301,1,48248
75020,1,300000
60014,1,76573
94117,3,300000
77477,1,56852
75001,1,70948
11207,1,19694
60706,2,45630
60074,2,300000
22041,6,65204
91205,1,39268
75208,1,43461
91007,1,52547
91344,3,300000
20132,1,300000
75007,4,65585
75219,1,126166
90274,1,157006
91724,1,62609
77429,2,70037
91343,2,85144
75201,1,74606
94085,1,115034
77450,2,102269
75081,3,83502
11374,1,80384
60062,2,101106
93433,1,300000
22193,2,125048
94123,1,110331
24202,1,51504
91030,1,55405
90501,1,63008
75205,1,215868
22180,1,300000
75074,1,105287
77504,1,78790
90045,4,107969
37216,1,38760
22150,2,88102
90027,2,64881
90620,1,73636
11418,1,71093
10455,1,21900
90808,1,300000
60181,1,73947
22033,2,300000
93420,1,63124
75077,1,300000
94103,4,17195
93710,2,30873
90505,2,300000
10705,1,28023
91202,1,113952
90745,2,57020
90701,2,61821
90035,1,77492
90746,3,48895
37210,1,300000
91201,1,70374
75034,5,300000
22003,4,82442
90503,1,300000
20152,1,52723
75204,1,84399
60016,2,65670
90036,1,300000
77346,4,68943
60046,2,69791
90814,1,47193
77382,2,121972
75067,2,300000
94015,1,300000
77489,2,47940
37013,2,43894
20147,6,119556
93612,1,46353
75287,1,32230
75116,1,47424
77075,1,41986
77070,1,65430
90255,1,27107
91601,4,40557
75056,3,300000
77032,1,51439
22182,1,113602
37203,5,23571
60004,3,95962
22306,3,58295
77057,1,59601
60647,5,66598
94131,1,94516
91364,2,44205
90640,3,49628
91405,3,37333
60025,1,69189
94709,1,35427
37217,1,27852
90630,4,300000
91307,1,89857
60008,1,78572
60644,1,37632
11206,1,52856
90502,1,63800
91411,1,22542
32216,2,66153
7002,1,42240
77478,4,80183
32082,1,145715
60607,1,125702
60155,1,59028
11103,2,82248
90813,3,24828
60090,1,58788
60630,2,59734
20110,4,72878
11212,3,37854
90713,2,75940
90810,1,94556
20155,2,105372
90041,3,59408
32224,1,300000
75248,1,86387
60154,2,300000
75228,1,32787
75002,1,169040
11209,1,95157
75052,3,104518
93726,2,46592
91776,3,47607
77494,1,141709
75023,1,300000
92683,1,43211
94116,1,60686
90744,2,31470
93720,2,43176
11235,1,46412
91803,1,58614
91316,1,300000
94102,1,21830
49048,1,26735
92104,3,54831
90001,1,30036
75019,1,300000
32117,1,25573
90008,1,70607
75025,1,300000
91335,6,59693
75149,2,43792
90066,2,116703
60040,1,64282
91204,3,55120
60804,2,35830
22202,2,113550
10310,1,38803
11435,1,66568
90604,1,62108
91406,2,39263
91324,4,44427
60163,1,35043
94124,1,92794
90631,2,72539
77304,1,64826
77502,2,34116
77058,1,300000
90026,2,93139
10456,1,17622
60087,1,39088
91732,2,57351
75051,2,46591
90706,3,300000
10304,1,50258
20109,3,50724
75060,1,31748
43950,1,46690
11218,1,44950
90275,2,105522
10550,1,50932
32308,1,42408
90248,1,300000
77345,1,86673
60053,1,300000
90405,1,46977
90033,2,300000
75071,6,82641
77096,2,133447
10468,1,36911
90024,5,91139
90063,2,52980
60031,1,300000
11234,1,100578
20151,2,300000
11104,2,67771
60005,1,83407
90065,2,300000
20170,4,300000
90804,4,39139
75043,2,62805
32063,1,43196
90270,1,21049
32118,3,28511
75075,1,26215
60625,2,65824
77338,4,60475
20165,2,115029
91340,1,66670
90249,2,52730
32068,2,49944
22191,4,300000
90247,3,35604
91764,1,44939
91401,1,54369
11216,1,43209
94133,1,82929
32084,1,60742
60638,1,53244
77034,1,39263
11361,1,0
60641,2,38893
93706,1,18241
11368,1,72674
10021,1,0
91001,2,300000
10704,1,300000
10470,1,52788
60104,1,300000
10463,2,24253
92845,1,300000
90031,1,27902
94014,1,74953
11354,1,57563
93291,1,25640
90815,2,63316
60707,1,300000
75211,4,23286
10065,1,118775
60077,1,60332
91101,1,43316
75006,3,79305
90068,1,98295
75230,1,108288
91505,1,300000
77388,2,109613
22315,2,141414
91203,2,34908
75065,1,77070
32207,2,29766
91311,4,90602
37211,1,300000
60021,1,300000
60639,1,44634
22192,1,78914
94110,2,38568
90260,2,45831
75022,3,125217
90010,1,300000
11102,1,81067
90680,1,47046
75024,2,93054
22015,4,138532
94501,1,43007
90621,2,52358
90034,2,300000
75080,4,62412
91304,1,41995
75040,1,63817
90029,2,28797
37209,1,48481
90254,1,117114
90028,1,83180
37215,2,129747
90404,1,94342
60148,3,58725
