,res_type,state_ab,zip_code,median
35,pizza,CA,90001.0,30036.0
138,pizza,CA,90010.0,300000.0
168,pizza,CA,90018.0,37415.0
258,pizza,CA,90008.0,70607.0
293,pizza,CA,90031.0,27902.0
425,pizza,CA,91754.0,60854.0
470,pizza,CA,90024.0,91139.0
481,pizza,CA,90024.0,91139.0
535,pizza,CA,90029.0,28797.0
546,pizza,CA,90026.0,93139.0
579,pizza,CA,90027.0,64881.0
594,pizza,CA,90028.0,83180.0
678,pizza,CA,90033.0,300000.0
706,pizza,CA,90034.0,300000.0
719,pizza,CA,90212.0,89224.0
728,pizza,CA,90036.0,300000.0
783,pizza,CA,91204.0,55120.0
798,pizza,CA,90065.0,300000.0
906,pizza,CA,90045.0,107969.0
916,pizza,CA,90301.0,32736.0
920,pizza,CA,90245.0,86968.0
921,pizza,CA,90045.0,107969.0
950,pizza,CA,90046.0,46897.0
981,pizza,CA,90301.0,32736.0
1003,pizza,CA,90049.0,300000.0
1006,pizza,CA,90024.0,91139.0
1008,pizza,CA,90024.0,91139.0
1019,pizza,CA,90024.0,91139.0
1023,pizza,CA,90025.0,97041.0
1031,pizza,CA,90025.0,97041.0
1042,pizza,CA,90230.0,300000.0
1082,pizza,CA,90201.0,56738.0
1095,pizza,CA,90262.0,41431.0
1146,pizza,CA,90247.0,35604.0
1164,pizza,CA,90063.0,52980.0
1168,pizza,CA,90033.0,300000.0
1173,pizza,CA,90063.0,52980.0
1202,pizza,CA,90066.0,116703.0
1229,pizza,CA,91604.0,300000.0
1243,pizza,CA,90068.0,98295.0
1273,pizza,CA,90230.0,300000.0
1300,pizza,CA,90201.0,56738.0
1313,pizza,CA,90212.0,89224.0
1323,pizza,CA,91604.0,300000.0
1331,pizza,CA,90035.0,77492.0
1374,pizza,CA,90220.0,43250.0
1409,pizza,CA,90221.0,43934.0
1411,pizza,CA,90807.0,77305.0
1412,pizza,CA,90712.0,99591.0
1430,pizza,CA,90220.0,43250.0
1438,pizza,CA,90230.0,300000.0
1469,pizza,CA,90241.0,53192.0
1495,pizza,CA,90242.0,76695.0
1548,pizza,CA,90266.0,206024.0
1552,pizza,CA,90250.0,40862.0
1574,pizza,CA,90250.0,40862.0
1577,pizza,CA,90278.0,300000.0
1580,pizza,CA,90026.0,93139.0
1585,pizza,CA,90247.0,35604.0
1608,pizza,CA,90249.0,52730.0
1623,pizza,CA,90746.0,48895.0
1635,pizza,CA,90248.0,300000.0
1646,pizza,CA,90260.0,45831.0
1670,pizza,CA,90278.0,300000.0
1697,pizza,CA,90266.0,206024.0
1700,pizza,CA,90254.0,117114.0
1738,pizza,CA,90255.0,27107.0
1752,pizza,CA,90266.0,206024.0
1765,pizza,CA,90260.0,45831.0
1786,pizza,CA,90280.0,42954.0
1792,pizza,CA,90262.0,41431.0
1829,pizza,CA,90270.0,21049.0
1888,pizza,CA,90403.0,156861.0
1899,pizza,CA,90066.0,116703.0
1924,pizza,CA,90045.0,107969.0
1925,pizza,CA,90045.0,107969.0
1939,pizza,CA,90302.0,32606.0
1961,pizza,CA,90303.0,80697.0
1963,pizza,CA,90303.0,80697.0
1994,pizza,CA,90404.0,94342.0
2010,pizza,CA,90405.0,46977.0
2101,pizza,CA,90503.0,300000.0
2126,pizza,CA,90249.0,52730.0
2132,pizza,CA,90505.0,300000.0
2146,pizza,CA,90501.0,63008.0
2147,pizza,CA,90717.0,140323.0
2157,pizza,CA,90274.0,157006.0
2171,pizza,CA,90605.0,300000.0
2172,pizza,CA,90604.0,62108.0
2174,pizza,CA,90605.0,300000.0
2179,pizza,CA,90605.0,300000.0
2198,pizza,CA,90631.0,72539.0
2210,pizza,CA,90638.0,96936.0
2228,pizza,CA,90605.0,300000.0
2231,pizza,CA,90638.0,96936.0
2244,pizza,CA,90638.0,96936.0
2248,pizza,CA,90601.0,78658.0
2270,pizza,CA,90606.0,58849.0
2277,pizza,CA,90660.0,73063.0
2281,pizza,CA,90601.0,78658.0
2342,pizza,CA,90621.0,52358.0
2353,pizza,CA,90638.0,96936.0
2354,pizza,CA,90621.0,52358.0
2357,pizza,CA,90638.0,96936.0
2374,pizza,CA,90630.0,300000.0
2394,pizza,CA,90720.0,43461.0
2404,pizza,CA,90740.0,65316.0
2407,pizza,CA,90720.0,43461.0
2415,pizza,CA,92835.0,300000.0
2438,pizza,CA,92833.0,300000.0
2446,pizza,CA,90631.0,72539.0
2530,pizza,CA,90706.0,300000.0
2545,pizza,CA,90640.0,49628.0
2547,pizza,CA,90640.0,49628.0
2550,pizza,CA,90660.0,73063.0
2591,pizza,CA,90680.0,47046.0
2593,pizza,CA,92804.0,300000.0
2616,pizza,CA,92683.0,43211.0
2655,pizza,CA,90630.0,300000.0
2656,pizza,CA,90701.0,61821.0
2660,pizza,CA,90701.0,61821.0
2679,pizza,CA,90706.0,300000.0
2681,pizza,CA,90706.0,300000.0
2696,pizza,CA,90745.0,57020.0
2702,pizza,CA,90744.0,31470.0
2705,pizza,CA,90744.0,31470.0
2710,pizza,CA,90717.0,140323.0
2756,pizza,CA,90713.0,75940.0
2763,pizza,CA,90713.0,75940.0
2769,pizza,CA,90712.0,99591.0
2789,pizza,CA,90505.0,300000.0
2802,pizza,CA,90275.0,105522.0
2805,pizza,CA,90731.0,55848.0
2806,pizza,CA,90275.0,105522.0
2808,pizza,CA,92845.0,300000.0
2810,pizza,CA,90716.0,96094.0
2815,pizza,CA,90808.0,300000.0
2819,pizza,CA,90630.0,300000.0
2822,pizza,CA,90630.0,300000.0
2823,pizza,CA,90620.0,73636.0
2841,pizza,CA,90723.0,45286.0
2863,pizza,CA,90746.0,48895.0
2866,pizza,CA,90746.0,48895.0
2868,pizza,CA,90745.0,57020.0
2872,pizza,CA,90502.0,63800.0
2892,pizza,CA,90247.0,35604.0
2893,pizza,CA,90220.0,43250.0
2903,pizza,CA,90802.0,28386.0
2925,pizza,CA,90804.0,39139.0
2932,pizza,CA,90807.0,77305.0
2941,pizza,CA,90803.0,104705.0
2948,pizza,CA,90815.0,63316.0
2949,pizza,CA,90803.0,104705.0
2955,pizza,CA,90804.0,39139.0
2957,pizza,CA,90804.0,39139.0
2959,pizza,CA,90804.0,39139.0
2982,pizza,CA,90813.0,24828.0
3005,pizza,CA,90813.0,24828.0
3020,pizza,CA,90805.0,52217.0
3021,pizza,CA,90723.0,45286.0
3023,pizza,CA,90805.0,52217.0
3025,pizza,CA,90712.0,99591.0
3049,pizza,CA,90755.0,36506.0
3078,pizza,CA,90815.0,63316.0
3082,pizza,CA,90810.0,94556.0
3084,pizza,CA,90806.0,37827.0
3085,pizza,CA,90806.0,37827.0
3096,pizza,CA,90806.0,37827.0
3097,pizza,CA,90813.0,24828.0
3113,pizza,CA,90802.0,28386.0
3144,pizza,CA,90814.0,47193.0
3153,pizza,CA,91732.0,57351.0
3163,pizza,CA,91776.0,47607.0
3186,pizza,CA,91107.0,24459.0
3187,pizza,CA,91732.0,57351.0
3219,pizza,OH,43950.0,46690.0
3220,pizza,CA,91101.0,43316.0
3231,pizza,CA,91106.0,35231.0
3233,pizza,CA,90034.0,300000.0
3248,pizza,CA,91106.0,35231.0
3250,pizza,CA,91001.0,300000.0
3259,pizza,CA,91104.0,300000.0
3261,pizza,CA,91107.0,24459.0
3274,pizza,CA,91104.0,300000.0
3275,pizza,CA,91776.0,47607.0
3276,pizza,CA,91001.0,300000.0
3307,pizza,CA,91030.0,55405.0
3312,pizza,CA,91007.0,52547.0
3344,pizza,CA,91776.0,47607.0
3371,pizza,CA,91203.0,34908.0
3383,pizza,CA,91502.0,35793.0
3389,pizza,CA,90041.0,59408.0
3391,pizza,CA,91502.0,35793.0
3392,pizza,CA,91502.0,35793.0
3407,pizza,CA,91205.0,39268.0
3412,pizza,CA,91201.0,70374.0
3418,pizza,CA,90041.0,59408.0
3431,pizza,CA,91204.0,55120.0
3432,pizza,CA,91203.0,34908.0
3433,pizza,CA,90027.0,64881.0
3441,pizza,CA,91208.0,300000.0
3445,pizza,CA,90029.0,28797.0
3446,pizza,CA,91202.0,113952.0
3453,pizza,CA,91502.0,35793.0
3456,pizza,CA,91204.0,55120.0
3463,pizza,CA,90065.0,300000.0
3467,pizza,CA,90041.0,59408.0
3479,pizza,CA,91364.0,44205.0
3483,pizza,CA,91364.0,44205.0
3485,pizza,CA,91307.0,89857.0
3487,pizza,CA,91304.0,41995.0
3490,pizza,CA,91335.0,59693.0
3492,pizza,CA,91335.0,59693.0
3497,pizza,CA,91306.0,300000.0
3501,pizza,CA,91303.0,88567.0
3505,pizza,CA,91306.0,300000.0
3524,pizza,CA,91335.0,59693.0
3525,pizza,CA,91356.0,44404.0
3542,pizza,CA,91325.0,61041.0
3546,pizza,CA,91303.0,88567.0
3556,pizza,CA,91344.0,300000.0
3557,pizza,CA,91326.0,300000.0
3564,pizza,CA,91311.0,90602.0
3565,pizza,CA,91311.0,90602.0
3566,pizza,CA,91311.0,90602.0
3570,pizza,CA,91306.0,300000.0
3572,pizza,CA,91324.0,44427.0
3575,pizza,CA,91335.0,59693.0
3577,pizza,CA,91311.0,90602.0
3585,pizza,CA,91344.0,300000.0
3601,pizza,CA,91406.0,39263.0
3604,pizza,CA,91406.0,39263.0
3606,pizza,CA,91344.0,300000.0
3608,pizza,CA,91324.0,44427.0
3614,pizza,CA,91335.0,59693.0
3617,pizza,CA,91324.0,44427.0
3624,pizza,CA,91325.0,61041.0
3629,pizza,CA,91324.0,44427.0
3634,pizza,CA,91356.0,44404.0
3639,pizza,CA,91405.0,37333.0
3641,pizza,CA,91340.0,66670.0
3650,pizza,CA,91405.0,37333.0
3683,pizza,CA,91405.0,37333.0
3686,pizza,CA,91411.0,22542.0
3702,pizza,CA,91604.0,300000.0
3703,pizza,CA,91606.0,41169.0
3728,pizza,CA,91343.0,85144.0
3729,pizza,CA,91403.0,63169.0
3730,pizza,CA,91403.0,63169.0
3732,pizza,CA,91325.0,61041.0
3738,pizza,CA,91335.0,59693.0
3746,pizza,CA,91343.0,85144.0
3756,pizza,CA,91316.0,300000.0
3762,pizza,CA,91606.0,41169.0
3778,pizza,CA,91601.0,40557.0
3781,pizza,CA,91601.0,40557.0
3788,pizza,CA,91602.0,76209.0
3789,pizza,CA,91601.0,40557.0
3791,pizza,CA,91506.0,300000.0
3794,pizza,CA,91352.0,76038.0
3796,pizza,CA,91601.0,40557.0
3804,pizza,CA,91505.0,300000.0
3808,pizza,CA,91602.0,76209.0
3817,pizza,CA,91606.0,41169.0
3843,pizza,CA,91401.0,54369.0
3845,pizza,CA,91605.0,26032.0
3864,pizza,CA,91741.0,300000.0
3870,pizza,CA,91724.0,62609.0
3873,pizza,CA,91740.0,300000.0
3877,pizza,CA,91790.0,300000.0
3880,pizza,CA,91702.0,76099.0
3890,pizza,CA,91764.0,44939.0
3919,pizza,CA,90640.0,49628.0
3938,pizza,CA,91803.0,58614.0
3948,pizza,CA,92104.0,54831.0
3952,pizza,CA,92104.0,54831.0
3957,pizza,CA,92110.0,122111.0
3991,pizza,CA,92104.0,54831.0
4007,pizza,CA,92102.0,30825.0
4011,pizza,CA,92111.0,36188.0
4075,pizza,CA,93291.0,25640.0
4117,pizza,CA,93277.0,87021.0
4322,pizza,CA,93433.0,300000.0
4329,pizza,CA,93420.0,63124.0
4389,pizza,CA,93534.0,56932.0
4395,pizza,CA,93534.0,56932.0
4400,pizza,CA,93536.0,57343.0
4406,pizza,CA,93536.0,57343.0
4411,pizza,CA,93535.0,38578.0
4435,pizza,CA,93710.0,30873.0
4453,pizza,CA,93612.0,46353.0
4509,pizza,CA,93726.0,46592.0
4517,pizza,CA,93702.0,24284.0
4526,pizza,CA,93726.0,46592.0
4544,pizza,CA,93706.0,18241.0
4592,pizza,CA,93722.0,53793.0
4616,pizza,CA,93720.0,43176.0
4640,pizza,CA,93710.0,30873.0
4644,pizza,CA,93720.0,43176.0
4669,pizza,CA,94015.0,300000.0
4672,pizza,CA,94080.0,96033.0
4703,pizza,CA,94112.0,83574.0
4737,pizza,CA,95051.0,108998.0
4750,pizza,CA,94085.0,115034.0
4769,pizza,CA,94123.0,110331.0
4774,pizza,CA,94133.0,82929.0
4777,pizza,CA,94103.0,17195.0
4780,pizza,CA,94103.0,17195.0
4782,pizza,CA,94102.0,21830.0
4818,pizza,CA,94117.0,300000.0
4848,pizza,CA,94103.0,17195.0
4849,pizza,CA,94117.0,300000.0
4858,pizza,CA,94109.0,105824.0
4867,pizza,CA,94109.0,105824.0
4897,pizza,CA,94103.0,17195.0
4924,pizza,CA,94109.0,105824.0
4951,pizza,CA,94122.0,109102.0
4958,pizza,CA,94014.0,74953.0
4966,pizza,CA,94122.0,109102.0
4996,pizza,CA,94121.0,131522.0
5006,pizza,CA,94122.0,109102.0
5007,pizza,CA,94116.0,60686.0
5043,pizza,CA,94114.0,300000.0
5049,pizza,CA,94118.0,63551.0
5052,pizza,CA,94121.0,131522.0
5070,pizza,CA,94122.0,109102.0
5112,pizza,CA,94131.0,94516.0
5117,pizza,CA,94117.0,300000.0
5132,pizza,CA,94122.0,109102.0
5137,pizza,CA,94122.0,109102.0
5147,pizza,CA,94127.0,300000.0
5150,pizza,CA,94124.0,92794.0
5174,pizza,CA,94110.0,38568.0
5184,pizza,CA,94110.0,38568.0
5191,pizza,CA,94601.0,40160.0
5221,pizza,CA,94501.0,43007.0
5278,pizza,CA,94709.0,35427.0
5297,pizza,CA,94601.0,40160.0
5310,pizza,CA,94601.0,40160.0
5351,pizza,VA,20109.0,50724.0
5353,pizza,VA,20109.0,50724.0
5354,pizza,VA,20109.0,50724.0
5370,pizza,VA,20110.0,72878.0
5387,pizza,VA,20110.0,72878.0
5395,pizza,VA,20110.0,72878.0
5398,pizza,VA,20110.0,72878.0
5399,pizza,VA,20111.0,86659.0
5426,pizza,VA,20151.0,300000.0
5453,pizza,VA,20121.0,106122.0
5454,pizza,VA,20121.0,106122.0
5459,pizza,VA,20132.0,300000.0
5462,pizza,VA,20136.0,134710.0
5474,pizza,VA,20147.0,119556.0
5481,pizza,VA,20147.0,119556.0
5492,pizza,VA,20147.0,119556.0
5507,pizza,VA,20147.0,119556.0
5512,pizza,VA,20147.0,119556.0
5527,pizza,VA,20147.0,119556.0
5536,pizza,VA,20151.0,300000.0
5556,pizza,VA,20152.0,52723.0
5567,pizza,VA,20155.0,105372.0
5585,pizza,VA,20155.0,105372.0
5593,pizza,VA,20164.0,300000.0
5613,pizza,VA,20165.0,115029.0
5617,pizza,VA,20164.0,300000.0
5621,pizza,VA,20164.0,300000.0
5642,pizza,VA,20165.0,115029.0
5649,pizza,VA,20164.0,300000.0
5687,pizza,VA,20171.0,73413.0
5702,pizza,VA,20170.0,300000.0
5706,pizza,VA,20190.0,142406.0
5707,pizza,VA,20170.0,300000.0
5712,pizza,VA,20170.0,300000.0
5713,pizza,VA,20170.0,300000.0
5724,pizza,VA,22031.0,159997.0
5731,pizza,VA,22003.0,82442.0
5739,pizza,VA,22031.0,159997.0
5742,pizza,VA,22003.0,82442.0
5743,pizza,VA,22042.0,300000.0
5744,pizza,VA,22003.0,82442.0
5747,pizza,VA,22042.0,300000.0
5758,pizza,VA,22015.0,138532.0
5761,pizza,VA,22032.0,128472.0
5773,pizza,VA,22030.0,300000.0
5787,pizza,VA,22030.0,300000.0
5830,pizza,VA,22031.0,159997.0
5837,pizza,VA,22180.0,300000.0
5842,pizza,VA,22015.0,138532.0
5854,pizza,VA,22015.0,138532.0
5855,pizza,VA,22015.0,138532.0
5862,pizza,VA,22033.0,300000.0
5871,pizza,VA,22033.0,300000.0
5872,pizza,VA,22030.0,300000.0
5876,pizza,VA,20171.0,73413.0
5892,pizza,VA,22041.0,65204.0
5899,pizza,VA,22041.0,65204.0
5904,pizza,VA,22205.0,172306.0
5913,pizza,VA,22312.0,300000.0
5917,pizza,VA,22044.0,197065.0
5929,pizza,VA,22213.0,140585.0
5930,pizza,VA,22003.0,82442.0
5932,pizza,VA,22046.0,116916.0
5940,pizza,VA,22046.0,116916.0
5942,pizza,VA,22046.0,116916.0
5943,pizza,VA,22041.0,65204.0
5955,pizza,VA,22101.0,300000.0
5965,pizza,VA,22101.0,300000.0
5982,pizza,VA,22102.0,222333.0
5983,pizza,VA,22101.0,300000.0
6001,pizza,VA,22102.0,222333.0
6019,pizza,VA,22310.0,300000.0
6037,pizza,VA,22150.0,88102.0
6051,pizza,VA,22153.0,170583.0
6058,pizza,VA,22182.0,113602.0
6072,pizza,VA,22191.0,300000.0
6073,pizza,VA,22191.0,300000.0
6075,pizza,VA,22192.0,78914.0
6084,pizza,VA,22193.0,125048.0
6087,pizza,VA,22191.0,300000.0
6088,pizza,VA,22193.0,125048.0
6090,pizza,VA,22191.0,300000.0
6109,pizza,VA,22202.0,113550.0
6110,pizza,VA,22041.0,65204.0
6180,pizza,VA,22207.0,300000.0
6191,pizza,VA,22207.0,300000.0
6206,pizza,VA,22041.0,65204.0
6208,pizza,VA,22204.0,300000.0
6209,pizza,VA,22207.0,300000.0
6222,pizza,VA,22305.0,52927.0
6230,pizza,VA,22201.0,300000.0
6240,pizza,VA,22201.0,300000.0
6242,pizza,VA,22201.0,300000.0
6245,pizza,VA,22041.0,65204.0
6248,pizza,VA,22303.0,86214.0
6265,pizza,VA,22303.0,86214.0
6276,pizza,VA,22303.0,86214.0
6285,pizza,VA,22314.0,99420.0
6305,pizza,VA,22303.0,86214.0
6311,pizza,VA,22306.0,58295.0
6315,pizza,VA,22304.0,201141.0
6330,pizza,VA,22304.0,201141.0
6332,pizza,FL,32570.0,55854.0
6334,pizza,VA,22304.0,201141.0
6336,pizza,VA,22315.0,141414.0
6337,pizza,VA,22310.0,300000.0
6338,pizza,VA,22305.0,52927.0
6340,pizza,VA,22312.0,300000.0
6351,pizza,VA,22202.0,113550.0
6357,pizza,VA,22315.0,141414.0
6359,pizza,VA,22310.0,300000.0
6365,pizza,VA,22306.0,58295.0
6367,pizza,VA,22306.0,58295.0
6379,pizza,VA,22204.0,300000.0
6386,pizza,VA,22150.0,88102.0
6390,pizza,VA,22309.0,65387.0
6403,pizza,FL,32003.0,300000.0
6404,pizza,FL,32003.0,300000.0
6413,pizza,FL,32011.0,25171.0
6425,pizza,FL,32063.0,43196.0
6432,pizza,FL,32065.0,88279.0
6436,pizza,FL,32065.0,88279.0
6441,pizza,FL,32068.0,49944.0
6442,pizza,FL,32068.0,49944.0
6449,pizza,FL,32073.0,43800.0
6463,pizza,FL,32073.0,43800.0
6486,pizza,FL,32244.0,37446.0
6488,pizza,FL,32084.0,60742.0
6501,pizza,FL,32114.0,33511.0
6522,pizza,FL,32117.0,25573.0
6525,pizza,FL,32114.0,33511.0
6526,pizza,FL,32118.0,28511.0
6530,pizza,FL,32118.0,28511.0
6540,pizza,FL,32174.0,38699.0
6548,pizza,FL,32118.0,28511.0
6571,pizza,FL,32127.0,42981.0
6582,pizza,FL,32205.0,300000.0
6587,pizza,FL,32205.0,300000.0
6602,pizza,FL,32254.0,25471.0
6612,pizza,FL,32216.0,66153.0
6621,pizza,FL,32207.0,29766.0
6633,pizza,FL,32207.0,29766.0
6650,pizza,FL,32221.0,80713.0
6676,pizza,FL,32216.0,66153.0
6683,pizza,FL,32256.0,51507.0
6693,pizza,FL,32246.0,76513.0
6695,pizza,FL,32225.0,100253.0
6708,pizza,FL,32233.0,32107.0
6710,pizza,FL,32082.0,145715.0
6715,pizza,FL,32224.0,300000.0
6731,pizza,FL,32303.0,39098.0
6736,pizza,FL,32311.0,38546.0
6748,pizza,FL,32308.0,42408.0
6753,pizza,FL,32301.0,48248.0
6764,pizza,IL,52601.0,300000.0
6780,pizza,IL,52601.0,300000.0
6781,pizza,IL,52601.0,300000.0
6795,pizza,IL,60002.0,70658.0
6797,pizza,IL,60046.0,69791.0
6804,pizza,IL,60004.0,95962.0
6818,pizza,IL,60004.0,95962.0
6835,pizza,IL,60004.0,95962.0
6851,pizza,IL,60070.0,300000.0
6871,pizza,IL,60056.0,131178.0
6875,pizza,IL,60008.0,78572.0
6880,pizza,IL,60005.0,83407.0
6883,pizza,IL,60056.0,131178.0
6968,pizza,IL,60021.0,300000.0
6993,pizza,IL,60014.0,76573.0
7021,pizza,IL,60015.0,300000.0
7037,pizza,IL,60090.0,58788.0
7043,pizza,IL,60056.0,131178.0
7071,pizza,IL,60018.0,55845.0
7072,pizza,IL,60016.0,65670.0
7082,pizza,IL,60016.0,65670.0
7094,pizza,IL,60018.0,55845.0
7168,pizza,IL,60025.0,69189.0
7184,pizza,IL,60073.0,43465.0
7223,pizza,IL,60031.0,300000.0
7234,pizza,IL,60035.0,141411.0
7239,pizza,IL,60015.0,300000.0
7240,pizza,IL,60035.0,141411.0
7246,pizza,IL,60040.0,64282.0
7251,pizza,IL,60046.0,69791.0
7254,pizza,IL,60051.0,300000.0
7297,pizza,IL,60056.0,131178.0
7302,pizza,IL,60056.0,131178.0
7320,pizza,IL,60060.0,77622.0
7332,pizza,IL,60060.0,77622.0
7340,pizza,IL,60062.0,101106.0
7342,pizza,IL,60062.0,101106.0
7348,pizza,IL,60085.0,46446.0
7355,pizza,IL,60085.0,46446.0
7375,pizza,IL,60089.0,102256.0
7379,pizza,IL,60074.0,300000.0
7387,pizza,IL,60074.0,300000.0
7398,pizza,IL,60202.0,80386.0
7426,pizza,IL,60201.0,69616.0
7431,pizza,IL,60659.0,72810.0
7448,pizza,IL,60053.0,300000.0
7454,pizza,IL,60087.0,39088.0
7461,pizza,IL,60089.0,102256.0
7473,pizza,MI,49048.0,26735.0
7474,pizza,IL,60077.0,60332.0
7477,pizza,IL,60191.0,64058.0
7480,pizza,IL,60148.0,58725.0
7495,pizza,IL,60148.0,58725.0
7499,pizza,IL,60163.0,35043.0
7500,pizza,IL,60160.0,40406.0
7502,pizza,IL,60154.0,300000.0
7505,pizza,IL,60154.0,300000.0
7507,pizza,IL,60155.0,59028.0
7550,pizza,IL,60126.0,56797.0
7561,pizza,IL,60126.0,56797.0
7565,pizza,IL,60181.0,73947.0
7590,pizza,IL,60302.0,98137.0
7649,pizza,IL,60188.0,300000.0
7681,pizza,IL,60104.0,300000.0
7702,pizza,IL,60706.0,45630.0
7704,pizza,IL,60706.0,45630.0
7722,pizza,IL,60707.0,300000.0
7732,pizza,IL,60148.0,58725.0
7742,pizza,IL,60202.0,80386.0
7755,pizza,IL,60625.0,65824.0
7759,pizza,IL,60660.0,64803.0
7769,pizza,IL,60659.0,72810.0
7800,pizza,IL,60804.0,35830.0
7809,pizza,IL,60634.0,54001.0
7817,pizza,IL,60804.0,35830.0
7819,pizza,IL,60402.0,52331.0
7822,pizza,IL,60644.0,37632.0
7825,pizza,IL,60402.0,52331.0
7828,pizza,IL,60402.0,52331.0
7829,pizza,IL,60402.0,52331.0
7836,pizza,IL,60638.0,53244.0
7854,pizza,IL,60607.0,125702.0
7866,pizza,IL,60605.0,15307.0
7979,pizza,IL,60616.0,44154.0
8064,pizza,IL,60647.0,66598.0
8066,pizza,IL,60647.0,66598.0
8076,pizza,IL,60647.0,66598.0
8085,pizza,IL,60647.0,66598.0
8096,pizza,IL,60613.0,117215.0
8189,pizza,IL,60660.0,64803.0
8195,pizza,IL,60641.0,38893.0
8209,pizza,IL,60639.0,44634.0
8215,pizza,IL,60613.0,117215.0
8227,pizza,IL,60657.0,58437.0
8236,pizza,IL,60657.0,58437.0
8244,pizza,IL,60613.0,117215.0
8252,pizza,IL,60641.0,38893.0
8254,pizza,IL,60625.0,65824.0
8258,pizza,IL,60645.0,58498.0
8278,pizza,IL,60657.0,58437.0
8289,pizza,IL,60618.0,109819.0
8291,pizza,IL,60657.0,58437.0
8306,pizza,IL,60647.0,66598.0
8343,pizza,IL,60613.0,117215.0
8358,pizza,IL,60630.0,59734.0
8361,pizza,IL,60630.0,59734.0
8704,pizza,NY,10031.0,0.0
8708,pizza,NY,10033.0,56347.0
8711,pizza,NY,10455.0,21900.0
8717,pizza,NY,10031.0,0.0
8749,pizza,NY,10468.0,36911.0
8796,pizza,NY,11101.0,40506.0
8801,pizza,NY,10065.0,118775.0
8826,pizza,NY,10310.0,38803.0
8845,pizza,NY,10304.0,50258.0
8875,pizza,NY,10301.0,0.0
8888,pizza,NY,10314.0,108326.0
8895,pizza,NJ,7002.0,42240.0
8901,pizza,NY,10451.0,13246.0
8929,pizza,NY,10463.0,24253.0
8941,pizza,NY,10456.0,17622.0
9031,pizza,NY,10469.0,69658.0
9034,pizza,NY,10462.0,50224.0
9040,pizza,NY,10462.0,50224.0
9058,pizza,NY,10467.0,25840.0
9095,pizza,NY,10469.0,69658.0
9101,pizza,NY,10467.0,25840.0
9106,pizza,NY,10550.0,50932.0
9115,pizza,NY,10705.0,28023.0
9118,pizza,NY,10704.0,300000.0
9135,pizza,NY,10470.0,52788.0
9147,pizza,NY,10463.0,24253.0
9168,pizza,NY,11105.0,65991.0
9197,pizza,NY,10021.0,0.0
9198,pizza,NY,11211.0,87129.0
9215,pizza,NY,11104.0,67771.0
9233,pizza,NY,11103.0,82248.0
9235,pizza,NY,10128.0,129437.0
9264,pizza,NY,11102.0,81067.0
9274,pizza,NY,11103.0,82248.0
9278,pizza,NY,11101.0,40506.0
9281,pizza,NY,11105.0,65991.0
9285,pizza,NY,11104.0,67771.0
9388,pizza,NY,11236.0,73363.0
9426,pizza,NY,11218.0,44950.0
9445,pizza,NY,11235.0,46412.0
9446,pizza,NY,11209.0,95157.0
9463,pizza,NY,10003.0,300000.0
9494,pizza,NY,11385.0,64342.0
9523,pizza,NY,11207.0,19694.0
9542,pizza,NY,11385.0,64342.0
9549,pizza,NY,11385.0,64342.0
9555,pizza,NY,11212.0,37854.0
9560,pizza,NY,11418.0,71093.0
9562,pizza,NY,11375.0,103910.0
9568,pizza,NY,11212.0,37854.0
9593,pizza,NY,11234.0,100578.0
9611,pizza,NY,11208.0,52769.0
9616,pizza,NY,11206.0,52856.0
9620,pizza,NY,11216.0,43209.0
9702,pizza,NY,11212.0,37854.0
9717,pizza,NY,11205.0,300000.0
9743,pizza,NY,11201.0,105949.0
9831,pizza,NY,11229.0,67319.0
9838,pizza,NY,11224.0,44938.0
9848,pizza,NY,11201.0,105949.0
9910,pizza,NY,11375.0,103910.0
9926,pizza,NY,11354.0,57563.0
9945,pizza,NY,11361.0,0.0
9962,pizza,NY,11435.0,66568.0
9975,pizza,NY,11374.0,80384.0
10058,pizza,NY,11368.0,72674.0
10065,pizza,NY,11420.0,45629.0
10076,pizza,TN,37620.0,38962.0
10096,pizza,TN,37620.0,38962.0
10097,pizza,VA,24202.0,51504.0
10115,pizza,TN,37013.0,43894.0
10143,pizza,TN,37013.0,43894.0
10147,pizza,TN,37217.0,27852.0
10183,pizza,TN,37027.0,121721.0
10209,pizza,TN,37040.0,24986.0
10218,pizza,TN,37040.0,24986.0
10222,pizza,TN,37040.0,24986.0
10224,pizza,TN,37042.0,52917.0
10228,pizza,TN,37042.0,52917.0
10240,pizza,TN,37066.0,57335.0
10242,pizza,TN,37066.0,57335.0
10243,pizza,TN,37075.0,101195.0
10255,pizza,TN,37075.0,101195.0
10263,pizza,TN,37075.0,101195.0
10282,pizza,TN,37216.0,38760.0
10301,pizza,TN,37203.0,23571.0
10313,pizza,TN,37203.0,23571.0
10314,pizza,TN,37203.0,23571.0
10326,pizza,TN,37208.0,27995.0
10328,pizza,TN,37203.0,23571.0
10349,pizza,TN,37211.0,300000.0
10351,pizza,TN,37215.0,129747.0
10357,pizza,TN,37212.0,0.0
10370,pizza,TN,37203.0,23571.0
10389,pizza,TN,37210.0,300000.0
10391,pizza,TN,37208.0,27995.0
10404,pizza,TN,37209.0,48481.0
10430,pizza,TN,37215.0,129747.0
10463,pizza,TX,75001.0,70948.0
10518,pizza,TX,75002.0,169040.0
10587,pizza,TX,75007.0,65585.0
10589,pizza,TX,75010.0,82207.0
10596,pizza,TX,75007.0,65585.0
10622,pizza,TX,75007.0,65585.0
10717,pizza,TX,75019.0,300000.0
10725,pizza,TX,75020.0,300000.0
10749,pizza,TX,75022.0,125217.0
10752,pizza,TX,75022.0,125217.0
10806,pizza,TX,75024.0,93054.0
10811,pizza,TX,75034.0,300000.0
10825,pizza,TX,75034.0,300000.0
10858,pizza,TX,75025.0,300000.0
10865,pizza,TX,75024.0,93054.0
10888,pizza,TX,75022.0,125217.0
10982,pizza,TX,75034.0,300000.0
10984,pizza,TX,75034.0,300000.0
10999,pizza,TX,75034.0,300000.0
11000,pizza,TX,75035.0,300000.0
11005,pizza,TX,75035.0,300000.0
11026,pizza,TX,75039.0,0.0
11090,pizza,TX,75042.0,24891.0
11103,pizza,TX,75042.0,24891.0
11136,pizza,TX,75041.0,37138.0
11152,pizza,TX,75081.0,83502.0
11175,pizza,TX,75042.0,24891.0
11189,pizza,TX,75043.0,62805.0
11192,pizza,TN,37924.0,50774.0
11210,pizza,TX,75040.0,63817.0
11218,pizza,TX,75044.0,56935.0
11234,pizza,TX,75060.0,31748.0
11237,pizza,TX,75051.0,46591.0
11251,pizza,TX,75051.0,46591.0
11274,pizza,TX,75052.0,104518.0
11288,pizza,TX,75052.0,104518.0
11296,pizza,TX,75052.0,104518.0
11305,pizza,TX,76014.0,300000.0
11317,pizza,TX,75056.0,300000.0
11320,pizza,TX,75056.0,300000.0
11321,pizza,TX,75056.0,300000.0
11347,pizza,TX,75067.0,300000.0
11350,pizza,TX,75067.0,300000.0
11374,pizza,TX,75062.0,300000.0
11381,pizza,TX,75061.0,52672.0
11395,pizza,TX,75062.0,300000.0
11425,pizza,TX,75063.0,73694.0
11438,pizza,TX,75065.0,77070.0
11439,pizza,TX,75077.0,300000.0
11444,pizza,TX,75028.0,75687.0
11459,pizza,TX,75071.0,82641.0
11481,pizza,TX,75070.0,101768.0
11486,pizza,TX,75070.0,101768.0
11488,pizza,TX,75070.0,101768.0
11490,pizza,TX,75071.0,82641.0
11492,pizza,TX,75071.0,82641.0
11493,pizza,TX,75071.0,82641.0
11495,pizza,TX,75071.0,82641.0
11500,pizza,TX,75071.0,82641.0
11531,pizza,TX,75074.0,105287.0
11574,pizza,TX,75075.0,26215.0
11576,pizza,TX,75023.0,300000.0
11604,pizza,TX,75080.0,62412.0
11607,pizza,TX,75080.0,62412.0
11611,pizza,TX,75080.0,62412.0
11621,pizza,TX,75080.0,62412.0
11649,pizza,TX,75081.0,83502.0
11650,pizza,TX,75081.0,83502.0
11659,pizza,TX,75032.0,0.0
11693,pizza,TX,75093.0,93560.0
11695,pizza,TX,75093.0,93560.0
11700,pizza,TX,75252.0,300000.0
11715,pizza,TX,75116.0,47424.0
11742,pizza,TX,75150.0,66697.0
11747,pizza,TX,75149.0,43792.0
11751,pizza,TX,75150.0,66697.0
11770,pizza,TX,75043.0,62805.0
11777,pizza,TX,75228.0,32787.0
11794,pizza,TX,75149.0,43792.0
11851,pizza,TX,75219.0,126166.0
11875,pizza,TX,75203.0,28055.0
11889,pizza,TX,75208.0,43461.0
11934,pizza,TX,75235.0,55033.0
11966,pizza,TX,75206.0,81177.0
11980,pizza,TX,75206.0,81177.0
11993,pizza,TX,75211.0,23286.0
11997,pizza,TX,75211.0,23286.0
11998,pizza,TX,75211.0,23286.0
12000,pizza,TX,75211.0,23286.0
12004,pizza,TX,75201.0,74606.0
12016,pizza,TX,75220.0,39393.0
12027,pizza,TX,75220.0,39393.0
12113,pizza,TX,75229.0,128666.0
12129,pizza,TX,75206.0,81177.0
12130,pizza,TX,75204.0,84399.0
12134,pizza,TX,75206.0,81177.0
12147,pizza,TX,75230.0,108288.0
12150,pizza,TX,75205.0,215868.0
12162,pizza,TX,75231.0,26723.0
12207,pizza,TX,75231.0,26723.0
12208,pizza,TX,75206.0,81177.0
12209,pizza,TX,75243.0,0.0
12221,pizza,TX,75238.0,34726.0
12244,pizza,IN,46815.0,63695.0
12284,pizza,TX,75248.0,86387.0
12289,pizza,TX,75006.0,79305.0
12303,pizza,TX,75006.0,79305.0
12307,pizza,TX,75006.0,79305.0
12317,pizza,TX,75206.0,81177.0
12338,pizza,TX,75287.0,32230.0
12356,pizza,TX,75093.0,93560.0
12363,pizza,TX,75093.0,93560.0
12364,pizza,TX,75007.0,65585.0
12456,pizza,TX,77096.0,133447.0
12583,pizza,TX,77096.0,133447.0
12609,pizza,TX,77301.0,56057.0
12616,pizza,TX,77304.0,64826.0
12618,pizza,TX,77301.0,56057.0
12620,pizza,TX,77301.0,56057.0
12627,pizza,TX,77301.0,56057.0
12642,pizza,TX,77301.0,56057.0
12664,pizza,TX,77338.0,60475.0
12681,pizza,TX,77338.0,60475.0
12682,pizza,TX,77338.0,60475.0
12732,pizza,TX,77345.0,86673.0
12736,pizza,TX,77339.0,96054.0
12737,pizza,TX,77339.0,96054.0
12740,pizza,TX,77339.0,96054.0
12747,pizza,TX,77346.0,68943.0
12752,pizza,TX,77346.0,68943.0
12755,pizza,TX,77346.0,68943.0
12763,pizza,TX,77346.0,68943.0
12778,pizza,TX,77389.0,300000.0
12789,pizza,TX,77379.0,48975.0
12796,pizza,TX,77389.0,300000.0
12799,pizza,TX,77070.0,65430.0
12800,pizza,TX,77379.0,48975.0
12812,pizza,TX,77379.0,48975.0
12813,pizza,TX,77379.0,48975.0
12817,pizza,TX,77379.0,48975.0
12832,pizza,TX,77380.0,300000.0
12843,pizza,TX,77380.0,300000.0
12866,pizza,TX,77380.0,300000.0
12897,pizza,TX,77382.0,121972.0
12906,pizza,TX,77382.0,121972.0
12960,pizza,TX,77388.0,109613.0
12966,pizza,TX,77388.0,109613.0
12973,pizza,TX,77338.0,60475.0
12975,pizza,TX,77032.0,51439.0
13002,pizza,TX,77057.0,59601.0
13011,pizza,TX,77429.0,70037.0
13018,pizza,TX,77429.0,70037.0
13032,pizza,TX,77449.0,300000.0
13033,pizza,TX,77449.0,300000.0
13035,pizza,TX,77084.0,300000.0
13042,pizza,TX,77084.0,300000.0
13065,pizza,TX,77450.0,102269.0
13071,pizza,TX,77450.0,102269.0
13096,pizza,TX,77494.0,141709.0
13101,pizza,TX,77071.0,33782.0
13105,pizza,TX,77099.0,30582.0
13107,pizza,TX,77478.0,80183.0
13119,pizza,TX,77489.0,47940.0
13123,pizza,TX,77489.0,47940.0
13125,pizza,TX,77478.0,80183.0
13132,pizza,TX,77478.0,80183.0
13152,pizza,TX,77479.0,67678.0
13158,pizza,TX,77477.0,56852.0
13161,pizza,TX,77478.0,80183.0
13172,pizza,TX,77502.0,34116.0
13175,pizza,TX,77504.0,78790.0
13197,pizza,TX,77503.0,51664.0
13200,pizza,TX,77503.0,51664.0
13206,pizza,TX,77034.0,39263.0
13207,pizza,TX,77075.0,41986.0
13220,pizza,TX,77502.0,34116.0
13225,pizza,TX,77089.0,300000.0
13232,pizza,TX,77017.0,47364.0
13247,pizza,TX,77058.0,300000.0
